category,movie_title,positive,neutral,negative
movies_theaters,Mortal Kombat,30.337078651685392,60.674157303370784,8.98876404494382
movies_theaters,We Broke Up,47.36842105263158,28.94736842105263,23.68421052631579
movies_theaters,Assault on VA-33,60.78431372549019,37.254901960784316,1.9607843137254901
movies_theaters,The Mitchells vs. the Machines,60.416666666666664,39.583333333333336,0.0
movies_theaters,Here Are the Young Men,76.92307692307692,3.8461538461538463,19.23076923076923
movies_theaters,Separation,42.465753424657535,42.465753424657535,15.068493150684931
movies_theaters,The Resort,30.120481927710845,38.55421686746988,31.325301204819276
