category,movie_title,positive,neutral,negative
movies_theaters,Mortal Kombat,34.44444444444444,55.55555555555556,10.0
movies_theaters,We Broke Up,41.666666666666664,41.666666666666664,16.666666666666668
movies_theaters,Assault on VA-33,60.97560975609756,36.58536585365854,2.4390243902439024
movies_theaters,The Mitchells vs. the Machines,25.0,72.72727272727273,2.272727272727273
movies_theaters,Here Are the Young Men,57.971014492753625,26.08695652173913,15.942028985507246
movies_theaters,Separation,42.857142857142854,41.42857142857143,15.714285714285714
movies_theaters,The Resort,44.61538461538461,40.0,15.384615384615385
