category,movie_title,positive,neutral,negative
movies_theaters,In the Earth,52.459016393442624,29.508196721311474,18.0327868852459
movies_theaters,Monday,34.5679012345679,53.08641975308642,12.345679012345679
movies_theaters,Trigger Point,44.15584415584416,37.66233766233766,18.181818181818183
movies_theaters,Vanquish,8.928571428571429,80.35714285714286,10.714285714285714
movies_theaters,Gunda,25.0,55.0,20.0
